{
  "type": "minecraft:chest",
  "pools": [
    {
      "rolls": {
        "type": "minecraft:uniform",
        "min": 1,
        "max": 5
      },
      "bonus_rolls": 0,
      "entries": [
        {
          "type": "minecraft:item",
          "name": "minecraft:enchanted_book",
          "functions": [
            {
              "function": "minecraft:set_enchantments",
              "enchantments": {},
              "add": true
            },
            {
              "function": "minecraft:enchant_with_levels",
              "levels": 1,
              "treasure": true
            }
          ],
          "conditions": [
            {
              "condition": "minecraft:random_chance",
              "chance": 0.5
            }
          ]
        },
        {
          "type": "minecraft:item",
          "name": "minecraft:enchanted_book",
          "functions": [
            {
              "function": "minecraft:set_enchantments",
              "enchantments": {},
              "add": true
            },
            {
              "function": "minecraft:enchant_with_levels",
              "levels": {
                "min": 1,
                "max": 3
              },
              "treasure": true,
              "conditions": [
                {
                  "condition": "minecraft:random_chance",
                  "chance": 0.5
                }
              ]
            }
          ]
        },
        {
          "type": "minecraft:item",
          "name": "minecraft:enchanted_book",
          "functions": [
            {
              "function": "minecraft:set_enchantments",
              "enchantments": {},
              "add": true
            },
            {
              "function": "minecraft:enchant_with_levels",
              "levels": {
                "min": 1,
                "max": 3
              },
              "treasure": true,
              "conditions": [
                {
                  "condition": "minecraft:random_chance",
                  "chance": 0.5
                }
              ]
            }
          ]
        },
        {
          "type": "minecraft:item",
          "name": "minecraft:emerald"
        },
        {
          "type": "minecraft:item",
          "weight": 2,
          "name": "minecraft:cod",
          "functions": [
            {
              "function": "minecraft:set_count",
              "count": {
                "type": "minecraft:uniform",
                "min": 1,
                "max": 3
              },
              "add": false
            }
          ]
        },
        {
          "type": "minecraft:item",
          "name": "minecraft:salmon",
          "functions": [
            {
              "function": "minecraft:set_count",
              "count": {
                "type": "minecraft:uniform",
                "min": 1,
                "max": 3
              },
              "add": false
            }
          ]
        },
        {
          "type": "minecraft:item",
          "name": "minecraft:water_bucket",
          "functions": [
            {
              "function": "minecraft:set_count",
              "count": {
                "type": "minecraft:uniform",
                "min": 1,
                "max": 3
              },
              "add": false
            }
          ]
        },
        {
          "type": "minecraft:item",
          "name": "minecraft:barrel",
          "functions": [
            {
              "function": "minecraft:set_count",
              "count": {
                "type": "minecraft:uniform",
                "min": 1,
                "max": 3
              },
              "add": false
            }
          ]
        },
        {
          "type": "minecraft:item",
          "weight": 3,
          "name": "minecraft:wheat_seeds",
          "functions": [
            {
              "function": "minecraft:set_count",
              "count": {
                "type": "minecraft:uniform",
                "min": 1,
                "max": 3
              },
              "add": false
            }
          ]
        },
        {
          "type": "minecraft:item",
          "weight": 2,
          "name": "minecraft:coal",
          "functions": [
            {
              "function": "minecraft:set_count",
              "count": {
                "type": "minecraft:uniform",
                "min": 1,
                "max": 3
              },
              "add": false
            }
          ]
        }
      ]
    }
  ]
}
